{"cameraMode":{"drawMode":0,"name":"Shaded","section":"Shading Mode"},"sceneLighting":true,"audioPlay":false,"sceneViewState":{"showFog":true,"showMaterialUpdate":false,"showSkybox":true,"showFlares":true,"showImageEffects":true,"showParticleSystems":true},"in2DMode":false,"pivot":{"x":7.2274489402771,"y":0.7871377468109131,"z":0.3229050636291504},"rotation":{"x":-0.08773781359195709,"y":-0.4102723300457001,"z":0.03937619552016258,"w":-0.906965970993042},"size":10.494171142578125,"orthographic":false}